{
  "ASCII Anti Aliased": true,
  "ASCII Ligatures": true,
  "Ambiguous Double Width": false,
  "Ansi 0 Color": {
    "Blue Component": 0.23137254901960785,
    "Color Space": "sRGB",
    "Green Component": 0.18823529411764706,
    "Red Component": 0.16862745098039217
  },
  "Ansi 1 Color": {
    "Blue Component": 0.41568627450980394,
    "Color Space": "sRGB",
    "Green Component": 0.3803921568627451,
    "Red Component": 0.7490196078431373
  },
  "Ansi 10 Color": {
    "Blue Component": 0.5490196078431373,
    "Color Space": "sRGB",
    "Green Component": 0.7450980392156863,
    "Red Component": 0.6392156862745098
  },
  "Ansi 11 Color": {
    "Blue Component": 0.5450980392156862,
    "Color Space": "sRGB",
    "Green Component": 0.796078431372549,
    "Red Component": 0.9215686274509803
  },
  "Ansi 12 Color": {
    "Blue Component": 0.7019607843137254,
    "Color Space": "sRGB",
    "Green Component": 0.6313725490196078,
    "Red Component": 0.5607843137254902
  },
  "Ansi 13 Color": {
    "Blue Component": 0.6784313725490196,
    "Color Space": "sRGB",
    "Green Component": 0.5568627450980392,
    "Red Component": 0.7058823529411765
  },
  "Ansi 14 Color": {
    "Blue Component": 0.7058823529411765,
    "Color Space": "sRGB",
    "Green Component": 0.7098039215686275,
    "Red Component": 0.5882352941176471
  },
  "Ansi 15 Color": {
    "Blue Component": 0.9607843137254902,
    "Color Space": "sRGB",
    "Green Component": 0.9450980392156862,
    "Red Component": 0.9372549019607843
  },
  "Ansi 2 Color": {
    "Blue Component": 0.5490196078431373,
    "Color Space": "sRGB",
    "Green Component": 0.7450980392156863,
    "Red Component": 0.6392156862745098
  },
  "Ansi 3 Color": {
    "Blue Component": 0.5450980392156862,
    "Color Space": "sRGB",
    "Green Component": 0.796078431372549,
    "Red Component": 0.9215686274509803
  },
  "Ansi 4 Color": {
    "Blue Component": 0.7019607843137254,
    "Color Space": "sRGB",
    "Green Component": 0.6313725490196078,
    "Red Component": 0.5607843137254902
  },
  "Ansi 5 Color": {
    "Blue Component": 0.6784313725490196,
    "Color Space": "sRGB",
    "Green Component": 0.5568627450980392,
    "Red Component": 0.7058823529411765
  },
  "Ansi 6 Color": {
    "Blue Component": 0.7058823529411765,
    "Color Space": "sRGB",
    "Green Component": 0.7098039215686275,
    "Red Component": 0.5882352941176471
  },
  "Ansi 7 Color": {
    "Blue Component": 0.807843137254902,
    "Color Space": "sRGB",
    "Green Component": 0.7725490196078432,
    "Red Component": 0.7529411764705882
  },
  "Ansi 8 Color": {
    "Blue Component": 0.49411764705882355,
    "Color Space": "sRGB",
    "Green Component": 0.45098039215686275,
    "Red Component": 0.396078431372549
  },
  "Ansi 9 Color": {
    "Blue Component": 0.41568627450980394,
    "Color Space": "sRGB",
    "Green Component": 0.3803921568627451,
    "Red Component": 0.7490196078431373
  },
  "BM Growl": false,
  "Background Color": {
    "Blue Component": 0.23137254901960785,
    "Color Space": "sRGB",
    "Green Component": 0.18823529411764706,
    "Red Component": 0.16862745098039217
  },
  "Background Image Location": "",
  "Badge Color": {
    "Alpha Component": 0.5,
    "Blue Component": 0,
    "Color Space": "sRGB",
    "Green Component": 0.1491314172744751,
    "Red Component": 1
  },
  "Blink Allowed": true,
  "Blinking Cursor": false,
  "Blur": false,
  "Bold Color": {
    "Blue Component": 0.807843137254902,
    "Color Space": "sRGB",
    "Green Component": 0.7725490196078432,
    "Red Component": 0.7529411764705882
  },
  "Character Encoding": 4,
  "Close Sessions On End": true,
  "Columns": 80,
  "Command": "/opt/homebrew/bin/bash -l",
  "Cursor Color": {
    "Blue Component": 0.807843137254902,
    "Color Space": "sRGB",
    "Green Component": 0.7725490196078432,
    "Red Component": 0.7529411764705882
  },
  "Cursor Guide Color": {
    "Alpha Component": 0.25,
    "Blue Component": 1,
    "Color Space": "sRGB",
    "Green Component": 0.9268307089805603,
    "Red Component": 0.7021318674087524
  },
  "Cursor Text Color": {
    "Blue Component": 0.23137254901960785,
    "Color Space": "sRGB",
    "Green Component": 0.18823529411764706,
    "Red Component": 0.16862745098039217
  },
  "Cursor Type": 2,
  "Custom Command": "Yes",
  "Custom Directory": "Recycle",
  "Default Bookmark": "No",
  "Description": "Default",
  "Disable Smcup Rmcup": true,
  "Disable Window Resizing": true,
  "Flashing Bell": false,
  "Foreground Color": {
    "Alpha Component": 1,
    "Blue Component": 0.898834228515625,
    "Color Space": "sRGB",
    "Green Component": 0.8669788986111857,
    "Red Component": 0.8492814931087196
  },
  "Guid": "FCAEC61A-199D-4237-B2A3-72C2320839B4",
  "Horizontal Spacing": 1.01,
  "Icon": 1,
  "Idle Code": 0,
  "Initial Text": "",
  "Jobs to Ignore": [
    "rlogin",
    "ssh",
    "slogin",
    "telnet"
  ],
  "Keyboard Map": {
    "0x2d-0x40000": {
      "Action": 11,
      "Text": "0x1f"
    },
    "0x32-0x40000": {
      "Action": 11,
      "Text": "0x00"
    },
    "0x33-0x40000": {
      "Action": 11,
      "Text": "0x1b"
    },
    "0x34-0x40000": {
      "Action": 11,
      "Text": "0x1c"
    },
    "0x35-0x40000": {
      "Action": 11,
      "Text": "0x1d"
    },
    "0x36-0x40000": {
      "Action": 11,
      "Text": "0x1e"
    },
    "0x37-0x40000": {
      "Action": 11,
      "Text": "0x1f"
    },
    "0x38-0x40000": {
      "Action": 11,
      "Text": "0x7f"
    },
    "0xf700-0x220000": {
      "Action": 10,
      "Text": "[1;2A"
    },
    "0xf700-0x240000": {
      "Action": 10,
      "Text": "[1;5A"
    },
    "0xf700-0x260000": {
      "Action": 10,
      "Text": "[1;6A"
    },
    "0xf700-0x280000": {
      "Action": 11,
      "Text": "0x1b 0x1b 0x5b 0x41"
    },
    "0xf701-0x220000": {
      "Action": 10,
      "Text": "[1;2B"
    },
    "0xf701-0x240000": {
      "Action": 10,
      "Text": "[1;5B"
    },
    "0xf701-0x260000": {
      "Action": 10,
      "Text": "[1;6B"
    },
    "0xf701-0x280000": {
      "Action": 11,
      "Text": "0x1b 0x1b 0x5b 0x42"
    },
    "0xf702-0x220000": {
      "Action": 10,
      "Text": "[1;2D"
    },
    "0xf702-0x240000": {
      "Action": 10,
      "Text": "[1;5D"
    },
    "0xf702-0x260000": {
      "Action": 10,
      "Text": "[1;6D"
    },
    "0xf703-0x220000": {
      "Action": 10,
      "Text": "[1;2C"
    },
    "0xf703-0x240000": {
      "Action": 10,
      "Text": "[1;5C"
    },
    "0xf703-0x260000": {
      "Action": 10,
      "Text": "[1;6C"
    },
    "0xf704-0x20000": {
      "Action": 10,
      "Text": "[1;2P"
    },
    "0xf705-0x20000": {
      "Action": 10,
      "Text": "[1;2Q"
    },
    "0xf706-0x20000": {
      "Action": 10,
      "Text": "[1;2R"
    },
    "0xf707-0x20000": {
      "Action": 10,
      "Text": "[1;2S"
    },
    "0xf708-0x20000": {
      "Action": 10,
      "Text": "[15;2~"
    },
    "0xf709-0x20000": {
      "Action": 10,
      "Text": "[17;2~"
    },
    "0xf70a-0x20000": {
      "Action": 10,
      "Text": "[18;2~"
    },
    "0xf70b-0x20000": {
      "Action": 10,
      "Text": "[19;2~"
    },
    "0xf70c-0x20000": {
      "Action": 10,
      "Text": "[20;2~"
    },
    "0xf70d-0x20000": {
      "Action": 10,
      "Text": "[21;2~"
    },
    "0xf70e-0x20000": {
      "Action": 10,
      "Text": "[23;2~"
    },
    "0xf70f-0x20000": {
      "Action": 10,
      "Text": "[24;2~"
    },
    "0xf729-0x20000": {
      "Action": 10,
      "Text": "[1;2H"
    },
    "0xf729-0x40000": {
      "Action": 10,
      "Text": "[1;5H"
    },
    "0xf72b-0x20000": {
      "Action": 10,
      "Text": "[1;2F"
    },
    "0xf72b-0x40000": {
      "Action": 10,
      "Text": "[1;5F"
    }
  },
  "Link Color": {
    "Alpha Component": 1,
    "Blue Component": 0.734233021736145,
    "Color Space": "sRGB",
    "Green Component": 0.3591606020927429,
    "Red Component": 0
  },
  "Minimum Contrast": 0,
  "Mouse Reporting": true,
  "Name": "Default",